{
  "global_summary": {
    "Nodes": 141562,
    "Edges": 4853728,
    "Components": 2906,
    "Largest CC size": 133689,
    "Avg degree": 68.57388282166119,
    "Min degree centrality": 7.064092511355529e-06,
    "Max degree centrality": 0.025437797133391258,
    "Mean degree centrality": 0.00048441225211506833,
    "Avg shortest path (sampled)": 3.7966364716260035
  },
  "powerlaw": {
    "alpha": 2.989925927948557,
    "xmin": 116.0,
    "slope_log_log": -3.4845366408048384,
    "r_squared": 0.9897959777590069,
    "powerlaw_vs_lognormal_R": -10.581341200652869,
    "powerlaw_vs_lognormal_p": 3.6371407085747564e-26
  },
  "triangles": [
    3533557,
    1551246,
    486032,
    473306,
    367686,
    3255905,
    521393,
    1013158,
    418406,
    397780
  ],
  "sentiment": {
    "1": {
      "t": 1,
      "pos": 2.1009883293029126,
      "neg": -1.9823888129534224,
      "overall": 0.11859951634949017,
      "total_pos": 39965,
      "total_neg": -37709
    },
    "2": {
      "t": 2,
      "pos": 1.8998404740200547,
      "neg": -1.7633318140382863,
      "overall": 0.13650865998176842,
      "total_pos": 33346,
      "total_neg": -30950
    },
    "3": {
      "t": 3,
      "pos": 1.8327512355848434,
      "neg": -1.680527182866557,
      "overall": 0.15222405271828654,
      "total_pos": 27812,
      "total_neg": -25502
    },
    "4": {
      "t": 4,
      "pos": 1.83432256173518,
      "neg": -1.6824943210962116,
      "overall": 0.15182824063896838,
      "total_pos": 25033,
      "total_neg": -22961
    },
    "5": {
      "t": 5,
      "pos": 1.8391515341264872,
      "neg": -1.621947401377583,
      "overall": 0.21720413274890427,
      "total_pos": 23497,
      "total_neg": -20722
    },
    "6": {
      "t": 6,
      "pos": 1.8911574304616916,
      "neg": -1.6914704417727822,
      "overall": 0.19968698868890944,
      "total_pos": 26584,
      "total_neg": -23777
    },
    "7": {
      "t": 7,
      "pos": 1.851465398189351,
      "neg": -1.618305969004143,
      "overall": 0.23315942918520793,
      "total_pos": 24132,
      "total_neg": -21093
    },
    "8": {
      "t": 8,
      "pos": 1.8330371686657783,
      "neg": -1.6665185843328891,
      "overall": 0.16651858433288913,
      "total_pos": 24757,
      "total_neg": -22508
    },
    "9": {
      "t": 9,
      "pos": 1.8135155403716356,
      "neg": -1.6416131989000917,
      "overall": 0.17190234147154393,
      "total_pos": 21764,
      "total_neg": -19701
    },
    "10": {
      "t": 10,
      "pos": 1.8423832468495183,
      "neg": -1.6658636026686435,
      "overall": 0.17651964418087474,
      "total_pos": 19883,
      "total_neg": -17978
    }
  },
  "sis_target": 242901,
  "sis_best": {
    "beta": 0.2,
    "lam": 0.02,
    "final_infected": 15463,
    "cumulative": 135929
  }
}